OBJECTID,ROUTEPATTERN,AGENCYNAME,ROUTENAME,ROUTENUMBER,MODE,Shape__Length
63829,1001,TZG,NORTHWEST TO CITY CENTRE VIA MOTORWAY,WX1,BUS,19887.6415787348
63830,1002,TZG,CITY CENTRE TO NORTHWEST VIA MOTORWAY,WX1,BUS,19953.5217279213
63831,1105,TZG,NORTHWEST TO CITY CENTRE VIA TRIANGLE RD,11T,BUS,20836.485244585
63832,1105,TZG,NORTHWEST TO CITY CENTRE VIA TRIANGLE RD,11T,BUS,20842.4887866105
63833,1106,TZG,CITY CENTRE TO NORTHWEST VIA TRIANGLE RD,11T,BUS,20710.9066781517
63834,1106,TZG,CITY CENTRE TO NORTHWEST VIA TRIANGLE RD,11T,BUS,20702.6399159863
63835,1107,TZG,NORTHWEST TO CITY CENTRE VIA WAIMUMU RD,11W,BUS,22749.2607506835
63836,1107,TZG,NORTHWEST TO CITY CENTRE VIA WAIMUMU RD,11W,BUS,22743.2572086581
63837,1108,TZG,CITY CENTRE TO NORTHWEST VIA WAIMUMU RD,11W,BUS,22594.4020138279
63838,1108,TZG,CITY CENTRE TO NORTHWEST VIA WAIMUMU RD,11W,BUS,22602.6687759933
63839,1201,TZG,HENDERSON TO CONSTELLATION STATION,12,BUS,25101.746908044
63840,1202,TZG,CONSTELLATION STATION TO HENDERSON,12,BUS,25363.7561619996
63841,1203,TZG,HENDERSON TO AKORANGA STATION VIA CONSTELLATION,12,BUS,31079.9620726135
63842,1204,TZG,AKORANGA STATION TO HENDERSON VIA CONSTELLATION,12,BUS,31414.3240940847
63843,1209,TZG,HENDERSON TO HOBSONVILLE VIA WESTGATE,12,BUS,14830.5427232809
63844,1211,TZG,HENDERSON TO CONSTELLATION STATION VIA WESTGATE,12,BUS,25101.746908044
63845,1212,TZG,CONSTELLATION STATION TO HENDERSON VIA WESTGATE,12,BUS,25363.7561619996
63846,1302,PC,TE ATATU PENINSULA LOOP TO HENDERSON,13,BUS,17011.120671222
63847,1304,PC,TE ATATU PENINSULA TO HENDERSON,13,BUS,7583.20930657071
63848,1403,NZB,LINCOLN RD TO NEW LYNN VIA HENDERSON,14,BUS,11266.305192213
63849,1404,NZB,NEW LYNN TO LINCOLN RD VIA HENDERSON,14,BUS,11445.7350347438
63850,1803,NZB,NEW LYNN TO CITY CENTRE VIA GREAT NORTH RD,18,BUS,12824.490822744
63851,1803,NZB,NEW LYNN TO CITY CENTRE VIA GREAT NORTH RD,18,BUS,12830.4943647694
63852,1804,NZB,CITY CENTRE TO NEW LYNN VIA GREAT NORTH RD,18,BUS,12925.4611398872
63853,1804,NZB,CITY CENTRE TO NEW LYNN VIA GREAT NORTH RD,18,BUS,12917.1943777218
63854,1806,NZB,CITY CENTRE TO HENDERSON VIA GREAT NORTH RD,18,BUS,20030.0763684483
63855,1806,NZB,CITY CENTRE TO HENDERSON VIA GREAT NORTH RD,18,BUS,20038.3431306137
63856,1808,NZB,CITY CENTRE TO NEW LYNN VIA GREAT NORTH RD (L),18,BUS,12925.4611398872
63857,2005,NZB,ST LUKES TO WYNYARD QUARTER VIA KINGSLAND,20,BUS,7842.48500682987
63858,2005,NZB,ST LUKES TO WYNYARD QUARTER VIA KINGSLAND,20,BUS,7836.47585240425
63859,2006,NZB,WYNYARD QUARTER TO ST LUKES VIA KINGSLAND,20,BUS,7882.26288148029
63860,2006,NZB,WYNYARD QUARTER TO ST LUKES VIA KINGSLAND,20,BUS,7873.99611931488
63861,2201,NZB,ROSEBANK RD TO CITY CENTRE VIA NEW NORTH RD,22R,BUS,14417.6802619472
63862,2202,NZB,CITY CENTRE TO ROSEBANK RD VIA NEW NORTH RD,22R,BUS,14356.1042937949
63863,2203,NZB,NEW LYNN TO CITY CENTRE VIA NEW NORTH RD,22N,BUS,13334.911060375
63864,2204,NZB,CITY CENTRE TO NEW LYNN VIA NEW NORTH RD,22N,BUS,13627.1942386885
63865,2401,NZB,NEW LYNN TO CITY CENTRE VIA SANDINGHAM RD,24R,BUS,14590.1336540924
63866,2402,NZB,CITY CENTRE TO NEW LYNN VIA SANDRINGHAM RD,24R,BUS,14443.2412286983
63867,2403,NZB,NEW LYNN AND BLOCKHOUSE BAY TO CITY CENTRE VIA SANDRINGHAM R,24B,BUS,15899.8199929656
63868,2404,NZB,CITY CENTRE TO BLOCKHOUSE BAY NEW LYNN VIA SANDRINGHAM RD,24B,BUS,15777.9960483217
63869,2405,NZB,BLOCKHOUSE BAY TO CITY CENTRE VIA SANDRINGHAM RD,24B,BUS,13156.0472207845
63870,2406,NZB,CITY CENTRE TO BLOCKHOUSE BAY VIA SANDRINGHAM RD,24B,BUS,13105.6082817044
63871,2503,NZB,LYNFIELD TO CITY CENTRE VIA DOMINION RD,25L,BUS,14744.2189253517
63872,2503,NZB,LYNFIELD TO CITY CENTRE VIA DOMINION RD,25L,BUS,14746.4086955977
63873,2504,NZB,CITY CENTRE TO LYNFIELD VIA DOMINION RD,25L,BUS,14279.2613293128
63874,2504,NZB,CITY CENTRE TO LYNFIELD VIA DOMINION RD,25L,BUS,14282.5722714042
63875,2505,NZB,BLOCKHOUSE BAY TO CITY CENTRE VIA DOMINION RD,25B,BUS,13005.4378435486
63876,2505,NZB,BLOCKHOUSE BAY TO CITY CENTRE VIA DOMINION RD,25B,BUS,13003.2480733026
63877,2506,NZB,CITY CENTRE TO BLOCKHOUSE BAY VIA DOMINION RD,25B,BUS,12671.0076627503
63878,2506,NZB,CITY CENTRE TO BLOCKHOUSE BAY VIA DOMINION RD,25B,BUS,12674.3186048417
63879,2702,NZB,BRITOMART TO WAIKOWHAI VIA MT EDEN RD,27W,BUS,12892.339868136
63880,2702,NZB,BRITOMART TO WAIKOWHAI VIA MT EDEN RD,27W,BUS,12888.5316326464
63881,2704,NZB,BRITOMART TO WAIKOWHAI VIA MT EDEN RD AND HILLSBOROUGH RD,27H,BUS,12641.4990289466
63882,2704,NZB,BRITOMART TO WAIKOWHAI VIA MT EDEN RD AND HILLSBOROUGH RD,27H,BUS,12645.3072644362
63883,2705,NZB,WAIKOWHAI TO BRITOMART VIA MT EDEN RD,27W,BUS,13244.998913719
63884,2705,NZB,WAIKOWHAI TO BRITOMART VIA MT EDEN RD,27W,BUS,13247.1886839649
63885,2707,NZB,WAIKOWHAI TO BRITOMART VIA HILLSBOROUGH RD AND MT EDEN RD,27H,BUS,12990.4671077145
63886,2707,NZB,WAIKOWHAI TO BRITOMART VIA HILLSBOROUGH RD AND MT EDEN RD,27H,BUS,12988.2773374685
63887,2710,NZB,BRITOMART TO THREE KINGS VIA MT EDEN RD,27T,BUS,8239.87648809965
63888,2710,NZB,BRITOMART TO THREE KINGS VIA MT EDEN RD,27T,BUS,8243.68472358927
63889,2717,NZB,THREE KINGS TO BRITOMART VIA MT EDEN RD,27T,BUS,8708.61136605537
63890,2717,NZB,THREE KINGS TO BRITOMART VIA MT EDEN RD,27T,BUS,8706.42159580943
63891,3007,NZB,ONEHUNGA TO CITY CENTRE VIA MANUKAU RD,30,BUS,10683.039558584
63892,3008,NZB,CITY CENTRE TO ONEHUNGA VIA MANUKAU RD,30,BUS,11507.2242198359
63893,3101,GBT,MANGERE TOWN CENTRE TO BOTANY TOWN CENTRE VIA OTARA,31,BUS,17045.1485849344
63894,3102,GBT,BOTANY TOWN CENTRE TO MANGERE TOWN CENTRE VIA OTARA,31,BUS,17050.5338620511
63895,3201,GBT,MANGERE TOWN CENTRE TO SYLVIA PARK VIA OTAHUHU,32,BUS,12458.9582246369
63896,3202,GBT,SYLVIA PARK TO MANGERE TOWN CENTRE VIA OTAHUHU,32,BUS,12675.0158133329
63897,3301,RTH,PAPAKURA INTERCHANGE TO OTAHUHU STATION VIA GREAT SOUTH RD,33,BUS,20543.5888797564
63898,3301,RTH,PAPAKURA INTERCHANGE TO OTAHUHU STATION VIA GREAT SOUTH RD,33,BUS,20532.8433502356
63899,3302,RTH,OTAHUHU STATION TO PAPAKURA INTERCHANGE VIA GREAT SOUTH RD,33,BUS,20579.1948994749
63900,3302,RTH,OTAHUHU STATION TO PAPAKURA INTERCHANGE VIA GREAT SOUTH RD,33,BUS,20573.0653243522
63901,3503,HE,ORMISTON TO BOTANY VIA CHAPEL RD,35,BUS,7494.45975674645
63902,3505,HE,MANUKAU BUS STATION TO BOTANY VIA CHAPEL RD AND ORMISTON,35,BUS,13219.43849326
63903,3507,HE,MANUKAU BUS STATION TO BOTANY VIA CHAPEL RD AND ORMISTON (L),35,BUS,13219.43849326
63904,3508,HE,BOTANY TO MANUKAU BUS STATION VIA CHAPEL RD AND ORMISTON,35,BUS,12919.4637906199
63905,3510,HE,BOTANY TO MANUKAU BUS STATION VIA CHAPEL RD AND ORMISTON RD,35,BUS,12919.4637906199
63906,3512,HE,BOTANY TO MANUKAU BUS STATION VIA CHAPEL RD AND ORMISTON (L),35,BUS,12919.4637906199
63907,3601,GBT,MANUKAU TO ONEHUNGA VIA MANGERE TOWN CENTRE,36,BUS,19095.3972878275
63908,3602,GBT,ONEHUNGA TO MANUKAU VIA MANGERE TOWN CENTRE,36,BUS,18878.2942682412
63909,3803,GBT,AIRPORT TO ONEHUNGA VIA MANGERE TOWN CENTRE,38,BUS,17580.9583770318
63910,3804,GBT,ONEHUNGA TO AIRPORT VIA MANGERE TOWN CENTRE,38,BUS,14953.9505270789
63911,5001,WBC,ONETANGI (SEVENTH AVE) TO MATIATIA WHARF,50A,BUS,12029.5397742558
63912,5002,WBC,MATIATIA WHARF TO ONETANGI (SEVENTH AVE),50A,BUS,12087.7094618858
63913,5003,WBC,ONETANGI (FOURTH AVE) TO MATIATIA WHARF,50B,BUS,11179.8509896628
63914,5004,WBC,MATIATIA WHARF TO ONETANGI (FOURTH AVE),50B,BUS,11785.8000663313
63915,5006,WBC,MATIATIA WHARF TO ONETANGI (SEVENTH AVE)( L),50A,BUS,12087.7094618858
63916,5011,WBC,ONETANGI (WAIHEKE RD) TO MATIATIA WHARF,50A,BUS,14145.4591278899
63917,5012,WBC,MATIATIA WHARF TO ONETANGI (WAIHEKE RD),50A,BUS,14214.5174024008
63918,6301,NZB,ST LUKES TO NEWMARKET VIA WELLESLEY ST,OUT,BUS,15620.3783507352
63919,6301,NZB,ST LUKES TO NEWMARKET VIA WELLESLEY ST,OUT,BUS,15641.6477619117
63920,6302,NZB,NEWMARKET TO ST LUKES VIA WELLESLEY ST,OUT,BUS,16395.4892716387
63921,6302,NZB,NEWMARKET TO ST LUKES VIA WELLESLEY ST,OUT,BUS,16344.5261003822
63922,6403,NZB,ST LUKES TO NEWMARKET VIA MT EDEN,64,BUS,7512.66142373025
63923,6403,NZB,ST LUKES TO NEWMARKET VIA MT EDEN,64,BUS,7515.20014765373
63924,6404,NZB,NEWMARKET TO ST LUKES VIA MT EDEN,64,BUS,8516.63854737447
63925,6404,NZB,NEWMARKET TO ST LUKES VIA MT EDEN,64,BUS,8511.76006081565
63926,6501,NZB,WALKER PARK TO GLEN INNES,65,BUS,17228.4964880758
63927,6501,NZB,WALKER PARK TO GLEN INNES,65,BUS,17909.9913139354
63928,6502,NZB,GLEN INNES TO WALKER PARK,65,BUS,18055.6690494736
63929,6502,NZB,GLEN INNES TO WALKER PARK,65,BUS,18050.9028859639
63930,6503,NZB,SELWYN VILLAGE TO GLEN INNES,65,BUS,18018.895038948
63931,6503,NZB,SELWYN VILLAGE TO GLEN INNES,65,BUS,18011.949915019
63932,6504,NZB,GLEN INNES TO SELWYN VILLAGE,65,BUS,19224.8131654165
63933,6504,NZB,GLEN INNES TO SELWYN VILLAGE,65,BUS,19220.0470019068
63934,6601,PC,PT CHEVALIER BEACH TO SYLVIA PARK VIA MT ALBERT RD,66,BUS,18791.341903728
63935,6601,PC,PT CHEVALIER BEACH TO SYLVIA PARK VIA MT ALBERT RD,66,BUS,18783.9924002641
63936,6602,PC,SYLVIA PARK TO PT CHEVALIER BEACH VIA MT ALBERT RD,66,BUS,18570.754654034
63937,6602,PC,SYLVIA PARK TO PT CHEVALIER BEACH VIA MT ALBERT RD,66,BUS,18575.5208175437
63938,6701,NZB,NEW LYNN TO OTAHUHU VIA ONEHUNGA,67A,BUS,21868.560536814
63939,6702,NZB,OTAHUHU TO NEW LYNN VIA ONEHUNGA,67A,BUS,22511.198655221
63940,6703,NZB,NEW LYNN TO ONEHUNGA ONLY,67B,BUS,13368.8689285721
63941,6704,NZB,ONEHUNGA TO NEW LYNN ONLY,67B,BUS,13632.2424683097
63942,6803,NZB,NEW LYNN TO ONEHUNGA STATION,68,BUS,12908.577370032
63943,6804,NZB,ONEHUNGA STATION TO NEW LYNN,68,BUS,13190.5721250785
63944,7005,HE,BOTANY TO BRITOMART VIA PANMURE,70,BUS,21212.0369511526
63945,7005,HE,BOTANY TO BRITOMART VIA PANMURE,70,BUS,21218.4228378547
63946,7006,HE,BRITOMART TO BOTANY VIA PANMURE,70,BUS,20626.2642903474
63947,7007,HE,ELLERSLIE TO BRITOMART,70,BUS,9739.78423867537
63948,7008,HE,PANMURE TO BOTANY,70,BUS,7772.11045952875
63949,7009,HE,PANMURE TO BRITOMART VIA ELLERSLIE,70,BUS,13562.9401739828
63950,7010,HE,BRITOMART TO HOWICK AND BOTANY VIA ELLERSLIE AND PANMURE,70H,BUS,29527.8121814613
63951,7012,HE,BRITOMART TO BOTANY VIA PANMURE (L),70,BUS,20626.2642903474
63952,7205,HE,BOTANY AND HOWICK TO BRITOMART EXPRESS VIA PANMURE AND MOTOR,72X,BUS,30605.5470697692
63953,7205,HE,BOTANY AND HOWICK TO BRITOMART EXPRESS VIA PANMURE AND MOTOR,72X,BUS,30608.2582973903
63954,7206,HE,BRITOMART TO HOWICK AND BOTANY EXPRESS VIA MOTORWAY AND PANM,72X,BUS,29305.3735687647
63955,7207,HE,"BOTANY AND HOWICK TO PANMURE VIA CHAPEL RD, COOK ST, AND PAK",72C,BUS,14994.1203176494
63956,7208,HE,"PAMURE TO HOWICK AND BOTANY VIA PAKURANGA RD, COOK ST, AND C",72C,BUS,14707.4682085688
63957,7209,HE,"BOTANY AND HOWICK TO PANMURE VIA MILLHOUSE DR, MEADOWLAND DR",72M,BUS,16957.485482478
63958,7209,HE,"BOTANY AND HOWICK TO PANMURE VIA MILLHOUSE DR, MEADOWLAND DR",72M,BUS,16954.774254857
63959,7210,HE,"PAMURE TO HOWICK AND BOTANY VIA PAKURANGA RD, MEADOWLAND DR",72M,BUS,16684.4116702984
63960,7212,HE,"PAMURE TO HOWICK AND BOTANY VIA PAKURANGA RD, COOK ST (L)",72C,BUS,14707.4682085688
63961,7214,HE,"PAMURE TO HOWICK AND BOTANY VIA PAKURANGA RD, MEADOWLAND (L)",72M,BUS,16684.4116702984
63962,7401,GBT,ONEHUNGA TO GLEN INNES VIA PANMURE,74,BUS,13492.5197741999
63963,7402,GBT,GLEN INNES TO ONEHUNGA VIA PANMURE,74,BUS,14050.5239531694
63964,7403,GBT,PANMURE TO GLEN INNES,74,BUS,4310.53626908497
63965,7501,NZB,GLEN INNES TO WYNYARD QUARTER VIA REMUERA RD,75,BUS,14604.9737329255
63966,7502,NZB,WYNYARD QUARTER TO GLEN INNES VIA REMUERA RD,75,BUS,14402.3324807946
63967,7601,NZB,GLEN INNES TO BRITOMART VIA ORAKEI,76,BUS,14509.922762875
63968,7602,NZB,BRITOMART TO GLEN INNES VIA ORAKEI,76,BUS,14538.9833964914
63969,7701,NZB,GLEN INNES TO BRITOMART VIA ST HELIERS AND TAMAKI DR,TMK,BUS,13850.9356632697
63970,7702,NZB,BRITOMART TO GLEN INNES VIA TAMAKI DR AND ST HELIERS,TMK,BUS,14108.8884802969
63971,8203,NZB,MILFORD TO MAYORAL DR VIA TAKAPUNA,82,BUS,12684.0852789732
63972,8204,NZB,MAYORAL DR TO MILFORD VIA TAKAPUNA,82,BUS,12522.3619994629
63973,8204,NZB,MAYORAL DR TO MILFORD VIA TAKAPUNA,82,BUS,12525.1708733134
63974,8208,NZB,MAYORAL DR TO BROWNS BAY VIA MILFORD AND TAKAPUNA,82,BUS,21528.9147360075
63975,8208,NZB,MAYORAL DR TO BROWNS BAY VIA MILFORD AND TAKAPUNA,82,BUS,21526.105862157
63976,8301,RTH,MASSEY UNIVERSITY TO TAKAPUNA VIA BROWNS BAY,83,BUS,23774.3559167938
63977,8302,RTH,TAKAPUNA TO MASSEY UNIVERSITY VIA BROWNS BAY,83,BUS,23634.2341512989
63978,8303,RTH,BROWNS BAY TO TAKAPUNA VIA MAIRANGI BAY AND BUSWAY,83,BUS,14466.0532287102
63979,8304,RTH,BROWNS BAY TO MASSEY UNIVERSITY VIA ALBANY STATION,83,BUS,9389.90864129423
63980,9401,RTH,BEACH HAVEN TO TAKAPUNA VIA HIGHBURY AND NORTHCOTE SHOPS,94,BUS,17138.8870708117
63981,9402,RTH,TAKAPUNA TO BEACH HAVEN VIA NORTHCOTE & HIGHBURY (FULL LOOP),94,BUS,16848.9575503784
63982,9404,RTH,TAKAPUNA TO BEACH HAVEN VIA NORTHCOTE SHOPS AND HIGHBURY,94,BUS,10312.2266051295
63983,9406,RTH,TAKAPUNA TO BEACH HAVEN & SMALES FARM CLOCKWISE (LATE NIGHT),94,BUS,21705.0975055572
63984,9408,RTH,TAKAPUNA TO BEACH HAVEN (LATE NIGHT),94,BUS,13317.0739436635
63985,9503,RTH,BAYVIEW TO BRITOMART (LOWER ALBERT ST),95B,BUS,17804.3922006714
63986,9504,RTH,BRITOMART (QUAY ST) TO BAYVIEW,95B,BUS,12975.957870232
63987,9506,RTH,BRITOMART (QUAY ST) TO BAYVIEW (FULL LOOP),95B,BUS,17727.2611048189
63988,9511,RTH,CONSTELLATION STATION TO BRITOMART (ALBERT ST) VIA GLENFIELD,95C,BUS,16045.1679167324
63989,9512,RTH,BRITOMART (QUAY ST) TO CONSTELLATION STATION VIA GLENFIELD,95C,BUS,15707.9231303493
63990,9703,RTH,BEACH HAVEN TO BRITOMART (LOWER ALBERT ST),97R,BUS,17392.4227258934
63991,9704,RTH,BRITOMART (QUAY ST) TO BEACH HAVEN,97R,BUS,10581.7561530081
63992,9705,RTH,BEACH HAVEN TO BRITOMART (LOWER ALBERT) VIA HIGHBURY BYPASS,97R,BUS,17074.1857679261
63993,9706,RTH,BRITOMART (QUAY ST) TO BEACH HAVEN VIA RANGATIRA RD,97R,BUS,17118.4870982569
63994,9708,RTH,BRITOMART (QUAY ST) TO BEACH HAVEN VIA HIGHBURY & RANGATIRA,97R,BUS,16820.0653683353
63995,9710,RTH,BRITOMART (QUAY ST) TO BEACH HAVEN VIA RANGATIRA RD (L),97R,BUS,17118.4870982569
63996,9711,RTH,BEACH HAVEN TO BRITOMART (LOWER ALBERT ST),97B,BUS,17383.7658749412
63997,9712,RTH,BRITOMART (QUAY ST) TO VERRANS CORNER,97B,BUS,10581.7561530081
63998,9713,RTH,BEACH HAVEN TO BRITOMART (LOWER ALBERT) VIA HIGHBURY BYPASS,97B,BUS,17065.5289169738
63999,9714,RTH,BRITOMART (QUAY ST) TO BEACH HAVEN VIA BIRKDALE RD,97B,BUS,17116.4879055457
64000,9716,RTH,BRITOMART (QUAY ST) TO BEACH HAVEN VIA HIGHBURY BYPASS,97B,BUS,16818.0661756241
64001,10018,GBT,"CITY TO OTARA VIA MANUKAU RD, ONEHUNGA, MANGERE, PAPATOETOE",N10,BUS,27246.6879473222
64002,10101,NZB,PT CHEVALIER TO AUCKLAND UNIVERSITY VIA JERVOIS RD,101,BUS,8959.86924143372
64003,10101,NZB,PT CHEVALIER TO AUCKLAND UNIVERSITY VIA JERVOIS RD,101,BUS,8942.63636515762
64004,10102,NZB,AUCKLAND UNIVERSITY TO PT CHEVALIER VIA JERVOIS RD,101,BUS,8930.61739216949
64005,10102,NZB,AUCKLAND UNIVERSITY TO PT CHEVALIER VIA JERVOIS RD,101,BUS,8919.4827308201
64006,10501,NZB,WESTMERE TO BRITOMART VIA RICHMOND RD,105,BUS,8168.44731048608
64007,10502,NZB,BRITOMART TO WESTMERE VIA RICHMOND RD,105,BUS,8435.37845851034
64008,10601,NZB,FREEMANS BAY LOOP,106,BUS,5424.06260367302
64009,11101,PC,ROYAL HEIGHTS LOOP,111,BUS,8208.44805580776
64010,11110,ATMB,BRITOMART TO SWANSON WESTERN RAIL BUS,RBW,BUS,32641.1059196744
64011,11111,ATMB,SWANSON TO BRITOMART WESTERN RAIL BUS,RBW,BUS,32319.8857824808
64012,11118,ATMB,HENDERSON TO SWANSON WESTERN RAIL BUS,RBW,BUS,7131.7312416424
64013,11130,ATMB,KINGSLAND TO SWANSON WESTERN RAIL BUS,RBW,BUS,25006.7216098019
64014,11137,ATMB,SWANSON TO KINGSLAND WESTERN RAIL BUS,RBW,BUS,24747.6219068569
64015,11145,ATMB,SWANSON TO BRITOMART RBW (ANZAC DAY),RBW-A,BUS,28037.7894750518
64016,11146,ATMB,BRITOMART TO SWANSON VIA KHYBER PASS,RBW,BUS,31841.2597863991
64017,11147,ATMB,SWANSON TO BRITOMART VIA KHYBER PASS,RBW,BUS,31508.3421191738
64018,11201,PC,HOB PT WHARF TO NORTHWEST VIA W HARBOUR,112,BUS,10111.1635045375
64019,11202,PC,NORTHWEST TO HOB PT WHARF VIA W HARBOUR,112,BUS,10008.7216439497
64020,11401,PC,HOB PT WHARF TO NORTHWEST VIA WHENUAPAI,114,BUS,16513.7995196827
64021,11402,PC,NORTHWEST TO HOB PT WHARF VIA WHENUAPAI,114,BUS,16407.780842079
64022,11601,PC,WEST HILLS LOOP,116,BUS,5493.71151893952
64023,11601,PC,WEST HILLS LOOP,116,BUS,5489.0016427332
64024,12003,RTH,HENDERSON TO CONSTELLATION STATION VIA WESTGATE,120,BUS,25774.8601221179
64025,12004,RTH,CONSTELLATION STATION TO HENDERSON VIA WESTGATE,120,BUS,26126.8899818144
64026,12009,RTH,WESTGATE TO CONSTELLATION STATION,120,BUS,16937.0465533368
64027,12010,RTH,CONSTELLATION TO WESTGATE,120,BUS,17249.3819691221
64028,12011,RTH,HENDERSON TO WESTGATE,120,BUS,8837.81356878109
64029,12201,NZB,HUAPAI NORTH TO WESTGATE VIA KUMEU,122,BUS,11779.0478795719
64030,12202,NZB,WESTGATE TO HUAPAI NORTH VIA KUMEU,122,BUS,12159.4362623138
64031,12301,NZB,HUAPAI TRIANGLE TO WESTGATE VIA KUMEU,123,BUS,11670.3805747349
64032,12302,NZB,WESTGATE TO HUAPAI TRIANGLE VIA KUMEU,123,BUS,13115.0539254573
64033,12501,NZB,HELENSVILLE TO WESTGATE VIA KUMEU,125,BUS,38410.3005637244
64034,12502,NZB,WESTGATE TO HELENSVILLE VIA KUMEU,125,BUS,38233.2943778826
64035,12601,PC,ALBANY TO WESTGATE VIA RIVERHEAD,126,BUS,27037.1265131368
64036,12602,PC,WESTGATE TO ALBANY VIA RIVERHEAD,126,BUS,27250.4999432329
64037,12603,PC,RIVERHEAD TO WESTGATE,126,BUS,9322.81331380695
64038,12801,NZB,HIBISCUS COAST STATION TO HELENSVILLE,128,BUS,30045.6167774733
64039,12802,NZB,HELENSVILLE TO HIBISCUS COAST STATION,128,BUS,29969.3791761118
64040,13201,PC,TE ATATU PENINSULA LOOP TO CITY CENTRE,132,BUS,19574.2644045571
64041,13206,PC,CITY CENTRE TO TE ATATU PENINSULA LOOP,132,BUS,18820.9505793116
64042,13501,PC,TE ATATU (TOTARA RD) TO HENDERSON,135,BUS,8636.52165968815
64043,13502,PC,HENDERSON TO TE ATATU (TOTARA RD),135,BUS,9414.93633645299
64044,14301,PC,RANUI TO HENDERSON VIA STURGES RD,143,BUS,6936.75242283469
64045,14302,PC,HENDERSON TO RANUI VIA STURGES RD,143,BUS,7699.26244633576
64046,14501,PC,LINCOLN RD TO HENDERSON VIA WESTERN H,145,BUS,12925.6827411267
64047,14502,PC,HENDERSON TO LINCOLN RD VIA WESTERN H,145,BUS,12974.3360964916
64048,14701,PC,WAITAKERE TOWNSHIP TO HENDERSON,147,BUS,13821.4410426717
64049,14702,PC,HENDERSON TO WAITAKERE TOWNSHIP,147,BUS,13215.2155457988
64050,14801,PC,RANUI TO LINCOLN RD,148,BUS,4226.0027823825
64051,14802,PC,LINCOLN RD TO RANUI,148,BUS,5296.89194942625
64052,14901,PC,RANUI TO NEW LYNN VIA ROSEBANK,149,BUS,15573.5291316533
64053,14902,PC,NEW LYNN TO RANUI VIA ROSEBANK,149,BUS,15801.4496540083
64054,15201,PC,HENDERSON TO NEW LYNN VIA SUNNYVALE AND GLEN EDEN,152,BUS,13868.2719500174
64055,15202,PC,NEW LYNN TO HENDERSON VIA GLEN EDEN AND SUNNYVALE,152,BUS,13984.3483488333
64056,15405,PC,HENDERSON TO NEW LYNN VIA GLEN EDEN,154,BUS,13948.5271157089
64057,15406,PC,NEW LYNN TO HENDERSON VIA GLEN EDEN,154,BUS,14057.2814075739
64058,16101,RTH,BRAINS PARK TO NEW LYNN,161,BUS,5150.02950829287
64059,16102,RTH,NEW LYNN TO BRAINS PARK,161,BUS,4148.82984941082
64060,16201,NZB,HENDERSON TO NEW LYNN VIA GLENDENE,162,BUS,10026.5039493373
64061,16202,NZB,NEW LYNN TO HENDERSON VIA GLENDENE,162,BUS,9989.89086789312
64062,17027,RTH,TITIRANGI SOUTH TO NEW LYNN,170,BUS,7828.63086667369
64063,17028,RTH,NEW LYNN TO TITIRANGI SOUTH,170,BUS,7848.59853152634
64064,17030,RTH,NEW LYNN TO TITIRANGI SOUTH VIA OTITORI BAY RD,170,BUS,9356.75167651638
64065,17105,RTH,LAINGHOLM TO NEW LYNN,171,BUS,16026.9278458124
64066,17116,RTH,NEW LYNN TO LAINGHOLM LOOP,171,BUS,20455.282773268
64067,17205,RTH,GLEN EDEN TO NEW LYNN VIA TITIRANGI,172,BUS,8762.99855761239
64068,17208,RTH,NEW LYNN TO GLEN EDEN VIA TITIRANGI,172,BUS,9061.8217589964
64069,18603,RTH,SOUTH LYNN LOOP,186,BUS,5995.06712625258
64070,19101,RTH,LYNFIELD TO NEW LYNN VIA BLOCKHOUSE BAY AND AVONDALE,191,BUS,16974.7636982477
64071,19102,RTH,NEW LYNN TO LYNFIELD VIA AVONDALE AND BLOCKHOUSE BAY,191,BUS,16842.4667557302
64072,19507,RTH,NEW LYNN TO CITY CENTRE VIA GREEN BAY,195,BUS,20882.6957860472
64073,19508,RTH,CITY CENTRE TO NEW LYNN VIA GREEN BAY,195,BUS,21227.4159488877
64074,19509,RTH,NEW LYNN TO BLOCKHOUSE BAY VIA GREEN BAY,195,BUS,7494.85534811705
64075,20007,TZG,HIBISCUS COAST STATION TO AUCKLAND UNIVERSITIES,NX2,BUS,31853.8190851303
64076,20008,TZG,AUCKLAND UNIVERSITIES TO ALBANY STATION VIA WELLESLEY ST,NX2,BUS,18575.2940643819
64077,20016,TZG,AUCKLAND UNIVERSITIES TO HIBISCUS COAST STN,NX2,BUS,31998.2557139031
64078,20023,TZG,ALBANY STATION TO AUCKLAND UNIVERSITIES VIA WELLESLEY ST,NX2,BUS,18962.4757336949
64079,20903,RTH,TITIRANGI TO CITY CENTRE VIA GREEN BAY AND NEW NORTH RD,209,BUS,17202.9879370993
64080,20903,RTH,TITIRANGI TO CITY CENTRE VIA GREEN BAY AND NEW NORTH RD,209,BUS,17196.9843950739
64081,20904,RTH,CITY CENTRE TO TITIRANGI VIA NEW NORTH RD AND GREEN BAY,209,BUS,17561.8092333548
64082,20904,RTH,CITY CENTRE TO TITIRANGI VIA NEW NORTH RD AND GREEN BAY,209,BUS,17553.5424711894
64083,22203,ATMB,PAPAKURA TO BRITOMART EXP VIA MANUKAU SOUTHERN RAIL BUS,RBSX,BUS,38086.5242189861
64084,22204,ATMB,BRITOMART TO PAPAKURA EXP VIA MANUKAU SOUTHERN RAIL BUS,RBSX,BUS,38236.2020265093
64085,22210,ATMB,BRITOMART TO PUKEKOHE SOUTHERN RAIL BUS,RBS,BUS,57901.8164007272
64086,22211,ATMB,PUKEKOHE TO BRITOMART SOUTHERN RAIL BUS,RBS,BUS,58324.8761635133
64087,22211,ATMB,PUKEKOHE TO BRITOMART SOUTHERN RAIL BUS,RBS,BUS,58253.991690384
64088,22212,ATMB,BRITOMART TO PAPAKURA SOUTHERN RAIL BUS,RBS,BUS,37253.5947473189
64089,22213,ATMB,PAPAKURA TO BRITOMART SOUTHERN RAIL BUS,RBS,BUS,37145.6197559385
64090,22214,ATMB,OTAHUHU TO PUKEKOHE SOUTHERN RAIL BUS,RBS,BUS,42426.0147221827
64091,22215,ATMB,PUKEKOHE TO OTAHUHU SOUTHERN RAIL BUS,RBS,BUS,43045.8778141004
64092,22228,ATMB,PAPAKURA TO PUKEKOHE SOUTHERN RAIL BUS,RBS,BUS,20653.1914885607
64093,22229,ATMB,PUKEKOHE TO PAPAKURA SOUTHERN RAIL BUS,RBS,BUS,21108.3719344453
64094,22231,ATMB,PAPAKURA TO GRAFTON RBS (ANZAC DAY),RBS-A,BUS,35197.3397233946
64095,22235,ATMB,OTAHUHU TO BRITOMART SOUTHERN RAIL BUS,RBS,BUS,14846.4625011207
64096,22259,ATMB,PUKEKOHE TO PUHINUI SOUTHERN RAIL BUS,RBS,BUS,37008.8853556539
64097,22260,ATMB,PUHINUI TO PUKEKOHE SOUTHERN RAIL BUS,RBS,BUS,36324.6326017349
64098,25201,NZB,LYNFIELD TO CIVIC CENTRE VIA DOMINION RD,252,BUS,13614.4972325848
64099,25201,NZB,LYNFIELD TO CIVIC CENTRE VIA DOMINION RD,252,BUS,13614.4972325848
64100,25202,NZB,CIVIC CENTRE TO LYNFIELD VIA DOMINION RD,252,BUS,13458.2323976846
64101,25202,NZB,CIVIC CENTRE TO LYNFIELD VIA DOMINION RD,252,BUS,13458.2323976846
64102,25301,NZB,BLOCKHOUSE BAY TO CIVIC CENTRE VIA DOMINION RD,253,BUS,11873.5263805357
64103,25302,NZB,CIVIC CENTRE TO BLOCKHOUSE BAY VIA DOMINION RD,253,BUS,11849.9787311221
64104,27001,RTH,ALBANY STATION TO BRITOMART (LOWER ALBERT ST),NX1,BUS,17822.2781198824
64105,27002,RTH,BRITOMART (LOWER ALBERT ST) TO ALBANY STATION,NX1,BUS,18266.4333809393
64106,27003,RTH,HIBISCUS COAST STATION TO BRITOMART (LOWER ALBERT ST),NX1,BUS,30767.1454017276
64107,27004,RTH,BRITOMART (LOWER ALBERT ST) TO HIBISCUS COAST STATION,NX1,BUS,31689.3950304604
64108,27007,RTH,HIBISCUS COAST STATION TO BRITOMART (LOWER ALBERT) AM PEAK,NX1,BUS,30767.1454017276
64109,27012,RTH,SMALES FARM TO HIBISCUS COAST STATION,NX1,BUS,21920.8077665906
64110,27014,RTH,AKORANGA TO ALBANY STATION,NX1,BUS,10221.4684736257
64111,29501,NZB,ELLERSLIE STATION TO CITY CENTRE VIA ROYAL OAK,295,BUS,15662.4477702834
64112,29502,NZB,CITY CENTRE TO ELLERSLIE STATION VIA ROYAL OAK,295,BUS,15321.0847195223
64113,29503,NZB,ELLERSLIE STATION TO ROYAL OAK,295,BUS,5913.39292222598
64114,29504,NZB,ROYAL OAK TO ELLERSLIE STATION,295,BUS,4943.71148600379
64115,29505,NZB,ROYAL OAK TO CITY CENTRE,295,BUS,9749.05484805747
64116,29506,NZB,CITY CENTRE TO ROYAL OAK,295,BUS,10384.2655313534
64117,29801,GBT,ONEHUNGA TO SYLVIA PARK VIA ELLERSLIE,298,BUS,12426.1111405328
64118,29802,GBT,SYLVIA PARK TO ONEHUNGA VIA ELLERSLIE,298,BUS,12755.7295266284
64119,30901,GBT,MANGERE TOWN CENTRE TO CITY CENTRE,309,BUS,25405.2918948211
64120,30902,GBT,CITY CENTRE TO MANGERE TOWN CENTRE,309,BUS,25028.0142479634
64121,30903,GBT,MANGERE TOWN CENTRE TO CITY CENTRE (EXPRESS),309X,BUS,23219.7135248133
64122,30904,GBT,CITY CENTRE TO MANGERE TOWN CENTRE EXPRESS,309X,BUS,23690.0537026036
64123,30906,GBT,CITY CENTRE TO MANGERE TOWN CENTRE (PMN),309,BUS,25028.0142479634
64124,31303,GBT,MANGERE TO MANUKAU BUS STATION VIA PAPATOETOE,313,BUS,12573.924325962
64125,31304,GBT,MANUKAU BUS STATION TO MANGERE VIA PAPATOETOE,313,BUS,12120.8296474684
64126,31403,GBT,ORMISTON TO MIDDLEMORE STATION VIA OTARA,314,BUS,10497.5068629244
64127,31404,GBT,MIDDLEMORE STATION TO ORMISTON VIA OTARA,314,BUS,10571.7706055063
64128,32101,NZB,MIDDLEMORE STATION TO BRITOMART VIA GREENLANE HOSPITAL,321,BUS,22222.9372240738
64129,32102,NZB,BRITOMART TO MIDDLEMORE STATION VIA GREENLANE HOSPITAL,321,BUS,21990.6071322528
64130,32103,NZB,MIDDLEMORE STATION TO ELLERSLIE STATION VIA OTAHUHU,321,BUS,10763.9711209696
64131,32301,GBT,OTAHUHU STATION TO PANMURE VIA PANAMA RD,323,BUS,11446.7434318222
64132,32302,GBT,PANMURE TO OTAHUHU STATION VIA PANAMA RD,323,BUS,11393.746054484
64133,32411,GBT,MANGERE TOWN CENTRE TO SEASIDE PARK VIA OTAHUHU,324,BUS,11389.5748871533
64134,32412,GBT,SEASIDE PARK TO MANGERE TOWN CENTRE VIA OTAHUHU,324,BUS,11431.1209544661
64135,32503,GBT,MANGERE TOWN CTR TO MANUKAU STATION VIA OTAHUHU & OTARA,325,BUS,22363.1134595738
64136,32504,GBT,MANUKAU BUS STATION TO MANGERE TOWN CTR VIA OTARA & OTAHUHU,325,BUS,22378.5426793764
64137,32601,GBT,MANGERE TOWN CENTRE TO OTAHUHU STATION VIA TIDAL ROAD,326,BUS,10878.507917808
64138,32602,GBT,OTAHUHU STATION TO MANGERE TOWN CENTRE VIA TIDAL ROAD,326,BUS,10611.4049479703
64139,35103,HE,BOTANY TO OTAHUHU STATION VIA HIGHBROOK,351,BUS,13195.6357180358
64140,35104,HE,OTAHUHU STATION TO BOTANY VIA HIGHBROOK,351,BUS,13478.9724999127
64141,35203,HE,MANUKAU BUS STATION TO PANMURE VIA EAST TAMAKI,352,BUS,20900.3691463989
64142,35203,HE,MANUKAU BUS STATION TO PANMURE VIA EAST TAMAKI,352,BUS,20906.7550331011
64143,35204,HE,PANMURE TO MANUKAU BUS STATION VIA EAST TAMAKI,352,BUS,21117.5477087748
64144,35204,HE,PANMURE TO MANUKAU BUS STATION VIA EAST TAMAKI,352,BUS,21115.6104800899
64145,35303,HE,MANUKAU BUS STATION TO BOTANY TOWN CENTRE VIA PRESTON RD,353,BUS,10734.0270523648
64146,35304,HE,BOTANY TOWN CENTRE TO MANUKAU BUS STATION VIA PRESTON RD,353,BUS,10701.7999257438
64147,35304,HE,BOTANY TOWN CENTRE TO MANUKAU BUS STATION VIA PRESTON RD,353,BUS,10698.9610051557
64148,35503,HE,ORMISTON TO BOTANY VIA MISSION HEIGHTS,355,BUS,10450.8852133328
64149,35504,HE,BOTANY TO MANUKAU BUS STATION VIA MISSION HEIGHTS & ORMISTON,355,BUS,16116.7532294418
64150,35505,HE,MANUKAU BUS STATION TO BOTANY VIA ORMISTON & MISSION HEIGHTS,355,BUS,16289.1937831369
64151,36101,RTH,MANUREWA INTERCHANGE TO OTARA / MIT VIA MAHIA RD,361,BUS,21935.9530934262
64152,36101,RTH,MANUREWA INTERCHANGE TO OTARA / MIT VIA MAHIA RD,361,BUS,21942.4641526684
64153,36102,RTH,OTARA / MIT TO MANUREWA INTERCHANGE VIA MAHIA RD,361,BUS,22144.5082501079
64154,36102,RTH,OTARA / MIT TO MANUREWA INTERCHANGE VIA MAHIA RD,361,BUS,22150.6378252306
64155,36104,RTH,MIT TO MANUREWA INTERCHANGE VIA MAHIA RD,361,BUS,14591.1401098815
64156,36203,RTH,WEYMOUTH TO MANUKAU BUS STATION VIA GREAT SOUTH RD,362,BUS,12238.8732037956
64157,36204,RTH,MANUKAU BUS STATION TO WEYMOUTH VIA GREAT SOUTH RD,362,BUS,11171.0405557808
64158,36302,RTH,MANUREWA INTERCHANGE TO WATTLE DOWNS LOOP,363,BUS,10376.56259419
64159,36503,RTH,PAPAKURA INTERCHANGE TO MANUKAU BUS STATION VIA PORCHESTER,365,BUS,18121.4448826668
64160,36504,RTH,MANUKAU BUS STATION TO PAPAKURA INTERCHANGE VIA PORCHESTER,365,BUS,17947.9909466966
64161,36605,RTH,MANUREWA INTERCHANGE TO MANUKAU BUS STATION VIA THE GARDENS,366,BUS,13096.4003408086
64162,36606,RTH,MANUKAU BUS STATION TO MANUREWA VIA THE GARDENS,366,BUS,13498.3641477615
64163,37202,RTH,PAPAKURA SHOPS TO KERI HILL LOOP,372,BUS,6670.24325280883
64164,37301,RTH,RED HILL TO PAPAKURA SHOPS,373,BUS,6307.94259613385
64165,37302,RTH,PAPAKURA SHOPS TO RED HILL,373,BUS,6775.55457516489
64166,37604,RTH,PAPAKURA SHOPS TO AURANGA DR VIA DRURY,376,BUS,12032.2390479842
64167,37701,RTH,PAHUREHURE TO PAPAKURA INTERCHANGE,377,BUS,5324.04261264853
64168,37702,RTH,PAPAKURA INTERCHANGE TO PAHUREHURE,377,BUS,5154.50943277375
64169,37704,RTH,PAPAKURA INTERCHANGE TO PARK ESTATE LOOP,377,BUS,8529.16569956976
64170,37802,RTH,PAPAKURA SHOPS TO KARAKA HARBOURSIDE LOOP AND KARAKA LAKES,378,BUS,11646.5866664104
64171,38017,GBT,AIRPORT LINK VIA PUHINUI STATION,AIR,BUS,17916.8731726936
64172,39104,RTH,PUKEKOHE NORTHEAST LOOP,391,BUS,7396.29931397164
64173,39220,RTH,PUKEKOHE STATION TO PUKEKOHE STATION,392,BUS,9400.35245674944
64174,39304,RTH,PUKEKOHE SOUTH LOOP,393,BUS,7943.13955471419
64175,39407,RTH,PUKEKOHE INTERCHANGE TO PAERATA RISE LOOP,394,BUS,14090.2660922795
64176,39501,RTH,WAIUKU TO PAPAKURA INTERCHANGE,395,BUS,35477.770207852
64177,39502,RTH,PAPAKURA INTERCHANGE TO WAIUKU,395,BUS,34406.6522339573
64178,39607,RTH,WAIUKU TO PUKEKOHE INTERCHANGE VIA KITCHENER RD AND PATUMAHO,396,BUS,27066.9598126497
64179,39608,RTH,PUKEKOHE INTERCHANGE TO WAIUKU VIA PATUMAHOE AND VICTORIA AV,396,BUS,27281.4214686607
64180,39609,RTH,PUKEKOHE INTERCHANGE TO WAIUKU LOOP VIA PATUMAHOE,396,BUS,37982.2891508383
64181,39903,RTH,PORT WAIKATO TO PUKEKOHE INTERCHANGE VIA TUAKAU,399,BUS,43949.2347667499
64182,39904,RTH,PUKEKOHE TO PORT WAIKATO VIA TUAKAU,399,BUS,44203.1088692488
64183,44416,ATMB,NEWMARKET TO ONEHUNGA ONEHUNGA RAIL BUS,RBO,BUS,11156.470380466
64184,44417,ATMB,ONEHUNGA TO NEWMARKET ONEHUNGA RAIL BUS,RBO,BUS,11215.8569189316
64185,44425,ATMB,ONEHUNGA TO GRAFTON RBO (ANZAC DAY),RBO-A,BUS,12883.4946832945
64186,50101,WBC,KENNEDY POINT TO MATIATIA WHARF,501,BUS,8090.39112516775
64187,50102,WBC,MATIATIA WHARF TO KENNEDY POINT,501,BUS,8751.21073217083
64188,50201,WBC,ROCKY BAY TO MATIATIA WHARF,502,BUS,14658.589205597
64189,50202,WBC,MATIATIA WHARF TO ROCKY BAY,502,BUS,14485.0096640232
64190,50204,WBC,MATIATIA WHARF TO ROCKY BAY (L),502,BUS,14485.0096640232
64191,50302,WBC,MATIATIA WHARF TO ONEROA,503,BUS,1956.00053637716
64192,55520,ATMB,BRITOMART TO OTAHUHU VIA ALL STATIONS,RBE,BUS,23468.1938472892
64193,55521,ATMB,OTAHUHU TO BRITOMART VIA ALL STATIONS,RBE,BUS,23620.5767553477
64194,55523,ATMB,MANUKAU TO GRAFTON RBE (ANZAC DAY),RBE-A,BUS,36567.5560833623
64195,55524,ATMB,BRITOMART TO MANUKAU EASTERN RAIL BUS,RBE,BUS,33310.5378233394
64196,55525,ATMB,MANUKAU TO BRITOMART EASTERN RAIL BUS,RBE,BUS,33507.2339652142
64197,55544,ATMB,MEADOWBANK LOOP (OUTBOUND),RBM,BUS,2998.95024690109
64198,55545,ATMB,MEADOWBANK LOOP (INBOUND),RBM,BUS,2986.79677206652
64199,55546,ATMB,BRITOMART TO MANUKAU EASTERN RAIL BUS (NEW),RBE,BUS,33310.5378233394
64200,55547,ATMB,MANUKAU TO BRITOMART EASTERN RAIL BUS (NEW),RBE,BUS,33507.2339652142
64201,71101,GBT,HOWICK TO PANMURE VIA CASCADES ROAD,711,BUS,13498.3635325553
64202,71102,GBT,PANMURE TO HOWICK VIA CASCADES ROAD,711,BUS,13363.4030010555
64203,71201,GBT,BUCKLANDS BEACH TO PANMURE,712,BUS,13849.7022608729
64204,71202,GBT,PANMURE TO BUCKLANDS BEACH,712,BUS,13865.0330503477
64205,71203,GBT,PANMURE TO BUCKLANDS BEACH LOOP,712,BUS,21885.5802832149
64206,73301,GBT,BOTANY TO THE PARADE VIA HIGHLAND PARK,733,BUS,12103.6973238163
64207,73302,GBT,BUCKLANDS BEACH TO BOTANY VIA HIGHLAND PARK,733,BUS,11785.5411952408
64208,73303,GBT,BOTANY TO BUCKLANDS BEACH VIA HIGHLAND PARK,733,BUS,9569.20521745988
64209,73401,GBT,BOTANY TO HALF MOON BAY VIA HIGHLAND PARK,734,BUS,8944.8648345703
64210,73402,GBT,HALF MOON BAY TO BOTANY VIA HIGHLAND PARK,734,BUS,8847.1948633386
64211,73501,GBT,BOTANY TO HALF MOON BAY VIA COCKLE BAY AND HOWICK,735,BUS,13886.6470358548
64212,73501,GBT,BOTANY TO HALF MOON BAY VIA COCKLE BAY AND HOWICK,735,BUS,13889.3582634758
64213,73502,GBT,HALF MOON BAY TO BOTANY VIA HOWICK AND COCKLE BAY,735,BUS,13798.6539054731
64214,73901,GBT,MARAETAI AND BEACHLANDS TO BOTANY VIA WHITFORD AND ORMISTON,739,BUS,29992.1638783768
64215,73902,GBT,BOTANY TO BEACHLANDS AND MARAETAI VIA ORMISTON AND WHITFORD,739,BUS,30170.4807515412
64216,74401,GBT,PANMURE TO ST HELIERS VIA GLEN INNES,744,BUS,8713.240229047
64217,74402,GBT,ST HELIERS TO PANMURE VIA GLEN INNES,744,BUS,8852.60589964732
64218,74701,GBT,PANMURE TO GLEN INNES VIA STONEFIELDS,747,BUS,6600.60926016867
64219,74702,GBT,GLEN INNES TO PANMURE VIA STONEFIELDS,747,BUS,6737.27984847115
64220,74703,GBT,PANMURE TO SELWYN COLLEGE VIA GLEN INNES,747,BUS,9189.65152590939
64221,75101,NZB,PANMURE TO NEWMARKET VIA MARUA RD AND REMUERA RD,751,BUS,8593.35857728557
64222,75102,NZB,NEWMARKET TO PANMURE VIA MARUA RD AND REMUERA RD,751,BUS,8711.73007589948
64223,75503,NZB,BENSON RD TO BRITOMART VIA PORTLAND RD,755,BUS,10709.5504900209
64224,75504,NZB,BRITOMART TO BENSON RD VIA PORTLAND RD,755,BUS,10137.3377809594
64225,77401,NZB,WEST TAMAKI RD TO BRITOMART VIA LONG DR AND TAMAKI DR,774,BUS,11836.558967225
64226,77402,NZB,BRITOMART TO WEST TAMAKI RD VIA TAMAKI DR AND LONG DR,774,BUS,12145.5112931781
64227,77501,NZB,GLENDOWIE TO BRITOMART VIA TAMAKI DR,775,BUS,17355.0052639948
64228,77502,NZB,BRITOMART TO GLENDOWIE VIA TAMAKI DR,775,BUS,15901.8960932505
64229,78101,NZB,MISSION BAY TO MUSEUM VIA ORAKEI,781,BUS,12684.8292162607
64230,78102,NZB,MUSEUM TO MISSION BAY VIA ORAKEI,781,BUS,12769.8430075535
64231,78103,NZB,MISSION BAY TO NEWMARKET VIA ORAKEI,781,BUS,10851.4151232993
64232,78104,NZB,NEWMARKET TO MISSION BAY VIA ORAKEI,781,BUS,11326.7944847225
64233,78201,GBT,SYLVIA PARK TO MISSION BAY VIA ELLERSLIE AND MEADOWBANK,782,BUS,17612.7710219459
64234,78202,GBT,MISSION BAY TO SYLVIA PARK VIA MEADOWBANK AND ELLERSLIE,782,BUS,17891.378841228
64235,78301,GBT,EASTERN BAYS CIRCUIT CLOCKWISE,783,BUS,15609.8544682564
64236,78302,GBT,EASTERN BAYS CIRCUIT ANTICLOCKWISE,783,BUS,15891.1005971843
64237,79702,NZB,WYNYARD QUARTER TO KARANGAHAPE RD VIA QUEEN ST,CTY,BUS,6757.68487204089
64238,79821,NZB,INNER LINK ANTICLOCKWISE,INN,BUS,11802.5995790921
64239,79823,NZB,INNER LINK ANTICLOCKWISE NEWMARKET TO VICTORIA PARK,INN,BUS,5730.73266751252
64240,79825,NZB,INNER LINK ANTICLOCKWISE K RD TO VICTORIA PARK,INN,BUS,8259.21209772243
64241,79831,NZB,INNER LINK ANTICLOCKWISE (VP),INN,BUS,11802.5995790921
64242,79922,NZB,INNER LINK CLOCKWISE,INN,BUS,12171.0046891604
64243,79922,NZB,INNER LINK CLOCKWISE,INN,BUS,12171.0046891604
64244,79924,NZB,INNER LINK CLOCKWISE CUSTOMS ST TO VICTORIA PARK,INN,BUS,10646.8113305623
64245,79924,NZB,INNER LINK CLOCKWISE CUSTOMS ST TO VICTORIA PARK,INN,BUS,10646.8113305623
64246,79926,NZB,INNER LINK CLOCKWISE NEWMARKT TO VICTORIA PARK,INN,BUS,6833.08269736869
64247,79926,NZB,INNER LINK CLOCKWISE NEWMARKT TO VICTORIA PARK,INN,BUS,6833.08269736869
64248,79928,NZB,INNER LINK CLOCKWISE K RD TO VICTORIA PARK,INN,BUS,3618.94166942323
64249,79928,NZB,INNER LINK CLOCKWISE K RD TO VICTORIA PARK,INN,BUS,3618.94166942323
64250,79934,NZB,INNER LINK CLOCKWISE (VP),INN,BUS,12171.0046891604
64251,79934,NZB,INNER LINK CLOCKWISE (VP),INN,BUS,12171.0046891604
64252,80098,MEX,PARNELL TO SNELLS BEACH,MEX,BUS,73821.489745507
64253,80099,MEX,SNELLS BEACH TO PARNELL,MEX,BUS,74544.4661843533
64254,80101,NZB,BAYSWATER WHARF TO AKORANGA STATION VIA TAKAPUNA,801,BUS,10070.3805595281
64255,80102,NZB,AKORANGA STATION TO BAYSWATER WHARF VIA TAKAPUNA,801,BUS,9901.29356289228
64256,80201,NZB,BAYSWATER TO CITY (MAYORAL DR),802,BUS,14325.1189240071
64257,80202,NZB,CITY (MAYORAL DR) TO BAYSWATER,802,BUS,14248.2004999084
64258,80501,NZB,DEVONPORT WHARF TO BELMONT SHOPS VIA NGATARINGA RD,805,BUS,4112.65130972749
64259,80502,NZB,BELMONT SHOPS TO DEVONPORT WHARF VIA NGATARINGA RD,805,BUS,4031.70300238463
64260,80601,NZB,DEVONPORT WHARF TO STANLEY PT LOOP,806,BUS,4151.97645503879
64261,80701,NZB,DEVONPORT WHARF TO CHELTENHAM LOOP,807,BUS,3900.42230007117
64262,80701,NZB,DEVONPORT WHARF TO CHELTENHAM LOOP,807,BUS,3908.38591050326
64263,81401,NZB,DEVONPORT WHARF TO AKORANGA STATION VIA TAKAPUNA,814,BUS,9621.92388927259
64264,81402,NZB,AKORANGA STATION TO DEVONPORT WHARF VIA TAKAPUNA,814,BUS,9533.98418265486
64265,84201,NZB,CROWN HILL TO SMALES FARM STATION VIA EAST COAST RD,842,BUS,4684.3573034129
64266,84202,NZB,SMALES FARM STATION TO CROWN HILL VIA EAST COAST RD,842,BUS,4357.51717441528
64267,84303,NZB,AKORANGA STATION TO CONSTELLATION STATION VIA TAKAPUNA,843,BUS,11444.3719742144
64268,84303,NZB,AKORANGA STATION TO CONSTELLATION STATION VIA TAKAPUNA,843,BUS,11441.5631003639
64269,84304,NZB,CONSTELLATION STATION TO AKORANGA STATION VIA TAKAPUNA,843,BUS,12176.7345236214
64270,84501,RTH,MILFORD TO TAKAPUNA VIA NORTH SHORE HOSPITAL,845,BUS,7536.22683334838
64271,84502,RTH,TAKAPUNA TO MILFORD VIA NORTH SHORE HOSPITAL,845,BUS,7286.04116985462
64272,85601,RTH,ALBANY STATION TO TAKAPUNA VIA BEACH RD AND MILFORD,856,BUS,26146.889786578
64273,85602,RTH,TAKAPUNA TO ALBANY STATION VIA MILFORD AND BEACH RD,856,BUS,26005.9801194044
64274,85603,RTH,MAIRANGI BAY TO SMALES FARM STATION VIA BEACH RD AND MILFORD,856,BUS,7286.59693542227
64275,85604,RTH,SMALES FARM STATION TO MAIRANGI BAY VIA MILFORD AND BEACH RD,856,BUS,6938.51970457942
64276,85605,RTH,ALBANY STATION TO BROWNS BAY,856,BUS,11727.6637187757
64277,85606,RTH,BROWNS BAY TO ALBANY STATION,856,BUS,11778.3892012701
64278,86101,RTH,LONG BAY TO CONSTELLATION STATION VIA BUSH RD,861,BUS,18539.3317064498
64279,86102,RTH,CONSTELLATION STATION TO LONG BAY VIA BUSH RD,861,BUS,18600.2727138494
64280,86102,RTH,CONSTELLATION STATION TO LONG BAY VIA BUSH RD,861,BUS,19457.69463993
64281,86104,RTH,CONSTELLATION STATION TO LONG BAY VIA BUSH RD (PMN),861,BUS,18600.2727138494
64282,86501,RTH,BROWNS BAY TO ALBANY STATION VIA OAKTREE AVE,865,BUS,5626.47559579116
64283,86502,RTH,ALBANY STATION TO BROWNS BAY VIA OAKTREE AVE,865,BUS,5563.62028751938
64284,86504,RTH,ALBANY STATION TO BROWNS BAY VIA OAKTREE AVE (L),865,BUS,5563.62028751938
64285,86601,RTH,ALBANY STN TO NEWMARKET VIA PONSONBY AND AUCKLAND HOSPITAL,866,BUS,21955.7644321344
64286,86602,RTH,NEWMARKET TO ALBANY STATION VIA AUCKLAND HOSPITAL & PONSONBY,866,BUS,22640.5524288231
64287,86602,RTH,NEWMARKET TO ALBANY STATION VIA AUCKLAND HOSPITAL & PONSONBY,866,BUS,22640.5524288231
64288,87101,NZB,CONSTELLATION STATION TO TAKAPUNA VIA FORREST HILL RD,871,BUS,9484.75018184035
64289,87102,NZB,TAKAPUNA TO CONSTELLATION STATION VIA FORREST HILL RD,871,BUS,9298.36818074425
64290,87104,NZB,TAKAPUNA TO CONSTELLATION STATION VIA FORREST HILL RD,871,BUS,9298.36818074425
64291,87107,TZG,CONSTELLATION STATION TO TAKAPUNA VIA FORREST HILL RD,871,BUS,9484.75018184035
64292,87801,RTH,BROWNS BAY TO CONSTELLATION STATION VIA AND EAST COAST RD,878,BUS,12322.2603751546
64293,87802,RTH,CONSTELLATION STATION TO BROWNS BAY VIA EAST COAST RD,878,BUS,12116.3537131427
64294,87803,RTH,NORTHCROSS TO CONSTELLATION STATION VIA EAST COAST RD,878,BUS,6621.42627078076
64295,87804,RTH,CONSTELLATION STATION TO NORTHCROSS VIA EAST COAST RD,878,BUS,6545.88977224701
64296,87806,RTH,CONSTELLATION STATION TO BROWNS BAY VIA EAST COAST RD (L),878,BUS,12116.3537131427
64297,88301,RTH,SCHNAPPER ROCK TO CONSTELLATION STATION,883,BUS,7824.58737201158
64298,88302,RTH,CONSTELLATION STATION TO SCHNAPPER ROCK,883,BUS,6130.04634413757
64299,88304,RTH,CONSTELLATION STATION TO SCHNAPPER ROCK (FULL LOOP),883,BUS,8117.50402979857
64300,88401,RTH,CONSTELLATION STATION TO NHIE LOOP ANTICLOCKWISE,884,BUS,9122.25965296973
64301,88501,RTH,CONSTELLATION STATION TO NHIE LOOP CLOCKWISE,885,BUS,9675.22485345549
64302,88801,RTH,ALBANY HEIGHTS LOOP,888,BUS,8476.18954378123
64303,88901,RTH,ALBANY STATION TO CONSTELLATION STATION VIA HUGH GREEN DR,889,BUS,5454.96013600655
64304,88901,RTH,ALBANY STATION TO CONSTELLATION STATION VIA HUGH GREEN DR,889,BUS,5466.49706245867
64305,88902,RTH,CONSTELLATION STATION TO ALBANY STATION VIA HUGH GREEN DR,889,BUS,5148.37690824474
64306,88902,RTH,CONSTELLATION STATION TO ALBANY STATION VIA HUGH GREEN DR,889,BUS,5146.67026841607
64307,90111,RTH,SMALES FARM TO CONSTELLATION STATION VIA WAIRAU RD,901,BUS,7931.9099924917
64308,90112,RTH,CONSTELLATION STATION TO SMALES FARM VIA WAIRAU RD,901,BUS,8386.02505108717
64309,90201,RTH,KYLE ROAD TO CONSTELLATION STATION,902,BUS,7136.89791480569
64310,90202,RTH,CONSTELLATION STATION TO KYLE ROAD,902,BUS,7363.50224429821
64311,90601,RTH,CONSTELLATION TO SMALES FARM VIA WINDY RIDGE AND ARCHERS RD,906,BUS,16260.9854417292
64312,90602,RTH,SMALES FARM TO CONSTELLATION VIA ARCHERS RD AND WINDY RIDGE,906,BUS,14520.2853625896
64313,90701,RTH,CAMPBELLS BAY TO CONSTELLATION STATION VIA SUNNYNOOK STATION,907,BUS,8692.08995288944
64314,90702,RTH,CONSTELLATION STATION TO CAMPBELLS BAY VIA SUNNYNOOK STATION,907,BUS,9492.06884303998
64315,91701,RTH,BIRKENHEAD WHARF TO ALBANY STATION VIA GLENFIELD RD,917,BUS,19552.6422010234
64316,91702,RTH,ALBANY STATION TO BIRKENHEAD WHARF VIA GLENFIELD RD,917,BUS,19382.9334879217
64317,91703,RTH,BIRKENHEAD WHARF TO HIGHBURY,917,BUS,2021.73388187235
64318,91704,RTH,HIGHBURY TO BIRKENHEAD WHARF,917,BUS,2034.18734721967
64319,92301,NZB,AKORANGA STATION TO CITY (MAYORAL DR) VIA HILLCREST,923,BUS,15311.3199939556
64320,92301,NZB,AKORANGA STATION TO CITY (MAYORAL DR) VIA HILLCREST,923,BUS,15315.5970395619
64321,92302,NZB,CITY (MAYORAL DR) TO AKORANGA STATION VIA HILLCREST,923,BUS,14855.1127639338
64322,92302,NZB,CITY (MAYORAL DR) TO AKORANGA STATION VIA HILLCREST,923,BUS,14862.9155147301
64323,92304,NZB,SYLVAN AVE TO AKORANGA STATION,923,BUS,8667.94134959284
64324,92304,NZB,SYLVAN AVE TO AKORANGA STATION,923,BUS,8675.74410038915
64325,92401,NZB,HILLCREST TO CITY (MAYORAL DR),924,BUS,13076.5108156739
64326,92601,RTH,GLENFIELD TO AKORANGA STATION VIA HILLCREST WEST,926,BUS,9418.05378776258
64327,92602,RTH,AKORANGA STATION TO GLENFIELD VIA HILLCREST WEST,926,BUS,9239.80934286082
64328,92801,RTH,NORTHCOTE POINT TO SMALES FARM STN VIA NORTH SHORE HOSPITAL,928,BUS,6631.17121583122
64729,92802,RTH,SMALES FARM STN TO NORTHCOTE POINT VIA NORTH SHORE HOSPITAL,928,BUS,6284.58878037456
64730,93101,RTH,CHATSWOOD TO UNIVERSITY OF AUCKLAND VIA CUSTOMS ST,931,BUS,15983.1718391701
64731,93102,RTH,UNIVERSITY OF AUCKLAND TO CHATSWOOD VIA CUSTOMS ST,931,BUS,14515.6611538433
64732,93301,RTH,BEACH HAVEN WHARF TO UNIVERSITY OF AUCKLAND VIA CUSTOMS ST,933,BUS,17656.0578736355
64733,93302,RTH,UNIVERSITY OF AUCKLAND TO BEACH HAVEN WHARF VIA CUSTOMS ST,933,BUS,16213.8279322809
64734,93901,RTH,WINDY RIDGE TO UNIVERSITY OF AUCKLAND VIA CUSTOMS ST,939,BUS,17188.4933896758
64735,93902,RTH,UNIVERSITY OF AUCKLAND TO WINDY RIDGE VIA CUSTOMS ST,939,BUS,14718.7719457024
64736,94101,RTH,BEACH HAVEN TO TAKAPUNA VIA GLENFIELD AND SMALES FARM STN,941,BUS,14597.7884550232
64737,94102,RTH,TAKAPUNA TO BEACH HAVEN SMALES FARM STATION AND GLENFIELD,941,BUS,14473.3534281011
64738,94104,RTH,SMALES FARM TO BEACH HAVEN AND TAKAPUNA ANTICLOCKWISE (LATE),941,BUS,21721.4742253709
64739,94106,RTH,SMALES FARM TO BEACH HAVEN (LATE NIGHT),941,BUS,11132.6929303571
64740,96603,RTH,BEACH HAVEN TO NEWMARKET VIA PONSONBY AND AUCKLAND HOSPITAL,966,BUS,21463.1184774485
64741,96606,RTH,NEWMAKET TO BEACH HAVEN VIA AUCKLAND HOSPITAL AND PONSONBY R,966,BUS,21045.4794465252
64742,96606,RTH,NEWMAKET TO BEACH HAVEN VIA AUCKLAND HOSPITAL AND PONSONBY R,966,BUS,21013.6212425976
64743,96607,RTH,HIGHBURY TO NEWMARKET VIA PONSONBY AND AUCKLAND HOSPITAL,966,BUS,12620.6774038966
64744,96608,RTH,NEWMARKET TO HIGHBURY VIA AUCKLAND HOSPITAL AND PONSONBY RD,966,BUS,12436.6249288945
64745,96608,RTH,NEWMARKET TO HIGHBURY VIA AUCKLAND HOSPITAL AND PONSONBY RD,966,BUS,12468.4831328221
64746,98109,GBT,WAIWERA TO HIBISCUS COAST STATION,981,BUS,13833.4872416722
64747,98109,GBT,WAIWERA TO HIBISCUS COAST STATION,981,BUS,13812.3006475227
64748,98110,GBT,HIBISCUS COAST STATION TO WAIWERA,981,BUS,14025.5335430266
64749,98111,GBT,OREWA TO HIBISCUS COAST STATION,981,BUS,6606.03145633271
64750,98111,GBT,OREWA TO HIBISCUS COAST STATION,981,BUS,6627.21805048221
64751,98112,GBT,HIBISCUS COAST STATION TO OREWA,981,BUS,6349.99845712386
64752,98113,GBT,OREWA NORTH TO HIBISCUS COAST STATION,981,BUS,7887.01853329593
64753,98113,GBT,OREWA NORTH TO HIBISCUS COAST STATION,981,BUS,7865.83193914644
64754,98114,GBT,HIBISCUS COAST STATION TO OREWA NORTH,981,BUS,8116.12778855439
64755,98207,GBT,GULF HARBOUR TO HIBISCUS COAST STATION,982,BUS,20147.9231162746
64756,98207,GBT,GULF HARBOUR TO HIBISCUS COAST STATION,982,BUS,20170.418416766
64757,98208,GBT,HIBISCUS COAST STATION TO GULF HARBOUR,982,BUS,20654.5221296431
64758,98303,GBT,GULF HARBOUR TO HIBISCUS COAST STATION VIA VIPOND RD,983,BUS,22035.9387905628
64759,98303,GBT,GULF HARBOUR TO HIBISCUS COAST STATION VIA VIPOND RD,983,BUS,22009.2035550065
64760,98304,GBT,HIBISCUS COAST STATION TO GULF HARBOUR VIA VIPOND RD,983,BUS,20512.0101922419
64761,98403,GBT,OREWA TO HIBISCUS COAST STATION VIA MAYGROVE,984,BUS,15721.4733068675
64762,98403,GBT,OREWA TO HIBISCUS COAST STATION VIA MAYGROVE,984,BUS,15748.2085424239
64763,98404,GBT,HIBISCUS COAST STATION TO OREWA VIA MAYGROVE,984,BUS,7617.44175222248
64764,98503,GBT,OREWA TO HIBISCUS COAST STATION VIA MILLWATER,985,BUS,11286.8115724132
64765,98503,GBT,OREWA TO HIBISCUS COAST STATION VIA MILLWATER,985,BUS,11260.0763368568
64766,98504,GBT,HIBISCUS COAST STATION TO OREWA VIA MILLWATER,985,BUS,9271.61609589298
64767,98603,GBT,HIBISCUS COAST STATION TO ALBANY STATION VIA DARIY FLAT,986,BUS,21503.5410004437
64768,98604,GBT,ALBANY STATION TO HIBISCUS COAST STATION VIA DAIRY FLAT,986,BUS,21465.2488158081
64769,98803,GBT,GULF HARBOUR FERRY TO THE PLAZA VIA ARMY BAY,988,BUS,13067.6200954115
64770,98804,GBT,THE PLAZA TO GULF HARBOUR FERRY VIA ARMY BAY,988,BUS,13045.6963440352
64771,98901,BAYES,HIBISCUS COAST STATION TO MILLDALE LOOP,989,BUS,7511.29098242674
64772,98902,BAYES,HIBISCUS COAST STATION TO AHUTOETOE ROAD,989,BUS,4981.94444772067
64773,98903,BAYES,AHUTOETOE SCHOOL TO HIBISCUS COAST STATION,989,BUS,4949.80514905065
64774,99501,RTH,WARKWORTH TO HIBISCUS COAST STATION,995,BUS,32757.7559139444
64775,99502,RTH,HIBISCUS COAST STATION TO WARKWORTH,995,BUS,32933.7394890787
64776,99605,RTH,ALGIES BAY TO WARKWORTH VIA SNELLS BEACH,996,BUS,13893.5808785599
64777,99701,RTH,WARKWORTH TO OMAHA VIA MATAKANA AND PT WELLS,997,BUS,21408.6646889306
64778,99703,RTH,WARKWORTH TO OMAHA VIA MATAKANA AND PT WELLS (AM SCHOOL),997,BUS,22461.2315633421
64779,99705,RTH,WARKWORTH TO OMAHA VIA MATAKANA AND PT WELLS (PM SCHOOL),997,BUS,21585.8167709271
64780,99801,RTH,WELLSFORD TO WARKWORTH,998,BUS,20541.7372483231
64781,99802,RTH,WARKWORTH TO WELLSFORD,998,BUS,21177.9387771798
64782,99901,RTH,WARKWORTH LOOP,999,BUS,7996.97888364456
